NO,TRACTOR,TRAILER,TRUCK MAKE,TRUCK MODEL
1,KBP 643K,ZC 8154,Mercedes-Benz,Axor MP1
2,KBP 774J,ZD 0335,Mercedes-Benz,Axor MP1
3,KBJ 745Z,ZD 2383,Mercedes-Benz,Axor MP1
4,KBJ 746Z,ZD 2381,Mercedes-Benz,Axor MP1
5,KCE 843V,ZD 2173,Mercedes-Benz,Axor MP2
7,KBP 721U,ZB 5290,Mercedes-Benz,Axor MP1
8,KBW 547W,ZE 5507,Mercedes-Benz,Axor MP2
9,KCN 401N,ZD 4461,Mercedes-Benz,Axor MP2
10,KBN 607P,ZB 3158,Mercedes-Benz,Axor MP1
11,KBC 213C,ZD 0280,Mercedes-Benz,Axor MP1
12,KBQ 650X,ZB 3136,Mercedes-Benz,Axor MP1
13,KBC 103L,ZB 5530,Mercedes-Benz,Axor MP1
14,KBJ 204C,ZD 1461,Mercedes-Benz,Actros MP2
15,KBR 258V,ZD 9042,Mercedes-Benz,Axor MP2
16,KBH 661U,ZD 1320,Mercedes-Benz,Actros MP1
17,KBL 727B,ZC 7207,Mercedes-Benz,Axor MP1
18,KBF 433N,ZD 3468,Mercedes-Benz,Actros MP1
19,KAX 507Z,ZE 4271,Mercedes-Benz,Actros MP1
20,KBZ 481L,ZE 7771,Mercedes-Benz,Axor MP2
21,KBH 668U,ZD 1322,Mercedes-Benz,Axor MP1
22,KBH 662U,ZD 0772,Mercedes-Benz,Actros MP1
23,KBJ 278V,ZB 9265,Mercedes-Benz,Axor MP1
24,KBW 528K,ZC 6551,Mercedes-Benz,Axor MP2
25,KCF 203Q,ZF 2583,Mercedes-Benz,Axor MP2
26,KBH 665U,ZD 0776,Mercedes-Benz,Actros MP1
27,KBK 010G,ZD 1682,Mercedes-Benz,Axor MP1
28,KAT 114R,ZB 9555,Mercedes-Benz,Actros MP2
29,KCF 205Q,ZF 2585,Mercedes-Benz,Axor MP2
30,KBH 391X,ZF 4037,Mercedes-Benz,Actros MP1
31,KCD 026L,ZD 4337,Mercedes-Benz,Axor MP1
32,KBG 282R,ZD 1571,Mercedes-Benz,Axor MP2
33,KBW 526W,ZC 0898,Mercedes-Benz,Axor MP2
34,KBW 550W,ZC 4445,Mercedes-Benz,Axor MP2
35,KBW 543W,ZC 4043,Mercedes-Benz,Axor MP2
36,KCN 396N,ZD 4464,Mercedes-Benz,Axor MP2
37,KBN 613J,ZD 2753,Mercedes-Benz,Axor MP2
38,KCW 664E,ZG 1074,Mercedes-Benz,Axor MP3
39,KAW 126R,ZC 2286,Mercedes-Benz,Actros MP2
40,KBH 071R,ZC 7221,Mercedes-Benz,Axor MP1
41,KBL 128K,ZD 3767,Mercedes-Benz,Axor MP1
42,KBP 754R,,Mercedes-Benz,
43,KBH 663U,ZD 0773,Mercedes-Benz,Actros MP1
44,KBP 072Q,ZE 3694,Mercedes-Benz,Actros MP2
45,KBW 544W,ZE 7181,Mercedes-Benz,Axor MP2
46,KAQ 268U,ZD 1459,Mercedes-Benz,Actros MP1
47,KCD 336Q,ZF 0676,Mercedes-Benz,Axor MP2
48,KBR 255V,ZD 9043,Mercedes-Benz,Axor MP2
49,KBJ 206C,ZD 1458,Mercedes-Benz,Actros MP2
50,KCD 334Q,ZF 0377,Mercedes-Benz,Axor MP2
51,KBH 667U,ZD 0771,Mercedes-Benz,Actros MP1
52,KCC 871S,ZC 6216,Mercedes-Benz,Axor MP2
53,KCF 204Q,ZF 2584,Mercedes-Benz,Axor MP2
54,KCF 202Q,ZF 2582,Mercedes-Benz,Axor MP2
55,KCC 133S,ZE 1083,Mercedes-Benz,Axor MP2
56,KCC 135S,ZF 0015,Mercedes-Benz,Axor MP2
57,KCA 319M,ZC 3522,Mercedes-Benz,Axor MP2
58,KCN 395N,ZD 0585,Mercedes-Benz,Axor MP2
59,KBS 897Y,ZE 2097,Mercedes-Benz,Axor MP2
60,KBJ 125Z,ZC 2985,Mercedes-Benz,Axor MP2
61,KBH 664U,ZD 0774,Mercedes-Benz,Actros MP1
62,KCD 337Q,ZE 8861,Mercedes-Benz,Axor MP2
63,KBQ 171V,ZF 6844,Mercedes-Benz,Actros MP2
64,KBL 783J,,Mercedes-Benz,Axor MP1
65,KBQ 476,,Mercedes-Benz,Axor MP2
66,KCN 400N,ZD 3940,Mercedes-Benz,Axor MP2
67,KBQ 105Y,ZD 1023,Mercedes-Benz,Axor MP1
68,KBR 833M,,Mercedes-Benz,Axor MP2
69,KBF 423W,ZD 0343,Mercedes-Benz,Actros MP1
70,KCW 661E,ZE 7182,Mercedes-Benz,Axor MP3
71,KCW 663E,ZF 5321,Mercedes-Benz,Axor MP3
72,KBV 312,,Mercedes-Benz,Axor MP2
73,KBH 168R,ZE 4269,Mercedes-Benz,Axor MP1
74,KCC 139S,ZF 0019,Mercedes-Benz,Axor MP2
75,KBJ 282F,ZD 1683,Mercedes-Benz,Axor MP1
76,KBP 572M,,Mercedes-Benz,Axor MP1
77,KCN 393N,ZD 3163,Mercedes-Benz,Axor MP3
78,KBW 540K,ZC 0812,Mercedes-Benz,Axor MP2
79,KBV 358E,ZE 3550,Mercedes-Benz,Axor MP2
80,KCD 339Q,ZF 0374,Mercedes-Benz,Axor MP2
81,KAX 590Y,ZD 3462,Mercedes-Benz,Actros MP1
82,KBN 759J,ZC 3958,Mercedes-Benz,Actros MP2
83,KBQ 635,,Mercedes-Benz,Axor MP2
84,KCC 137S,ZF 0017,Mercedes-Benz,Axor MP2
85,KBR 443,,Mercedes-Benz,Axor MP1
86,KCN 397N,ZD3164,Mercedes-Benz,Axor MP2
87,KBQ 876B,ZD 4520,Mercedes-Benz,Axor MP1
88,KBR 449,,Mercedes-Benz,Axor MP1
89,KBV 378F,ZE 3545,Mercedes-Benz,Axor MP2
90,KCC 134S,ZF 0014,Mercedes-Benz,Axor MP2
91,KBR 486M,ZE 0773,Mercedes-Benz,Actros MP2
92,KAZ 509T,ZD 2841,Mercedes-Benz,Actros MP1
93,KCE 842V,ZD 3433,Mercedes-Benz,Axor MP2
94,KBN 078W,ZC 5862,Mercedes-Benz,Actros MP2
95,KBL 985L,ZC 0300,Mercedes-Benz,Axor MP1
96,KCC 131S,ZF 0245,Mercedes-Benz,Axor MP2
97,KBR 274J,,Mercedes-Benz,Axor MP1
98,KCF 208Q,ZF 2578,Mercedes-Benz,Axor MP2
99,KCF 209Q,ZF 2579,Mercedes-Benz,Axor MP2
100,KBH 669U,ZD 0775,Mercedes-Benz,Axor MP1
101,KBM 161E,ZB 5527,Mercedes-Benz,Axor MP1
102,KBR 435T,,Mercedes-Benz,Axor MP2
103,KBR 823,,Mercedes-Benz,
104,KBK 834X,ZC 2834,Mercedes-Benz,Actros MP2
105,KBQ 302,,Mercedes-Benz,Axor MP2
106,KBM 692P,ZC 1592,Mercedes-Benz,Actros MP2
107,KBP 761R,,Mercedes-Benz,Axor MP2
108,KBR 948,,Mercedes-Benz,AXOR
109,KBV 305,,Mercedes-Benz,AXOR
110,KBC 234C,ZA 7408,Mercedes-Benz,Axor MP1
111,KCF 201Q,ZF 2581,Mercedes-Benz,Axor MP2
112,KCC 136S,ZF 0016,Mercedes-Benz,Axor MP2
113,KBN 120W,ZC 8369,Mercedes-Benz,Axor MP1
114,KCD 335Q,ZF 0372,Mercedes-Benz,Axor MP2
115,KBJ 979J,ZD 0721,Mercedes-Benz,Axor MP2
116,KBR 083X,ZD 3432,Mercedes-Benz,Actros MP2
117,KBP 140H,,Mercedes-Benz,Axor MP2
118,KAY 648Y,ZC 7054,Mercedes-Benz,Actros MP1
119,KCC 132S,ZF 0012,Mercedes-Benz,Axor MP2
120,KCF 220L,ZF 0375,Mercedes-Benz,Axor MP2
121,KBR 427,,Mercedes-Benz,Axor MP2
122,KBS 098V,ZE 3631,Mercedes-Benz,Axor MP2
123,KBP 397Q,ZD 6282,Mercedes-Benz,Axor MP1
124,KCN 394N,ZD 4463,Mercedes-Benz,Axor MP2
125,KBL 986L,ZC 4088,Mercedes-Benz,Axor MP1
126,KBR 082X,ZD 4960,Mercedes-Benz,Actros MP2
127,KCF 210Q,ZF 2580,Mercedes-Benz,Axor MP2
128,KCJ 787P,ZC 4364,Mercedes-Benz,Axor MP2
129,KBW 548W,ZC 5442,Mercedes-Benz,Axor MP2
130,KBN 490P,ZB 5540,Mercedes-Benz,Axor MP1
131,KCD 340Q,ZD 0074,Mercedes-Benz,AXOR
132,KAZÂ  848W,ZB 9785,Mercedes-Benz,Actros MP1
133,KCC 140S,ZE 1085,Mercedes-Benz,Axor MP2
134,KCF 206Q,ZF 2576,Mercedes-Benz,Axor MP2
135,KCF 219L,ZF 1701,Mercedes-Benz,Axor MP2
136,KCJ 299R,ZF 6843,Mercedes-Benz,Axor MP2
137,KBB 788R,ZC 7414,Mercedes-Benz,Axor MP1
138,KCB 550S,ZE 9373,Mercedes-Benz,Axor MP2
139,KBP 298F,ZC 4052,Mercedes-Benz,Axor MP1
140,KBJ 208C,ZD 1460,Mercedes-Benz,Actros MP2
141,KBL 756B,ZB 6413,Mercedes-Benz,Axor MP1
142,KBQ 445Y,,Mercedes-Benz,Axor MP1
143,KBH 579J,ZB 8931,Mercedes-Benz,Axor MP1
144,KBR 423T,,Mercedes-Benz,Axor MP2
145,KCD 341Q,ZF 0376,Mercedes-Benz,Axor MP2
146,KBJ 753Z,ZD 2384,Mercedes-Benz,Axor MP1
147,KBV 359E,ZE 3549,Mercedes-Benz,Axor MP2
148,KBL 450L,,Mercedes-Benz,Axor MP1
150,KBR 081X,ZD 2177,Mercedes-Benz,Actros MP2
151,KBR 256V,ZD 9041,Mercedes-Benz,Axor MP2
152,KBH 446M,ZC 0314,Mercedes-Benz,Axor MP1
153,KBG 537K,ZC 2972,Mercedes-Benz,Actros MP1
154,KBP 562M,,Mercedes-Benz,Axor MP1
155,KBR 489M,ZD 9039,Mercedes-Benz,Actros MP2
156,KCC 870S,ZC 1880,Mercedes-Benz,Axor MP2
157,KCN 402N,ZD 3162,Mercedes-Benz,Axor MP2
158,KBR 930V,,Mercedes-Benz,Axor MP2
159,KCR 386J,,Mercedes-Benz,Axor MP2
160,KCC 138S,ZE 3968,Mercedes-Benz,Axor MP2
161,KCW 662E,ZE 7183,Mercedes-Benz,Axor MP3
162,KBZ 477L,ZE 7592,Mercedes-Benz,Axor MP2
163,KBL 779J,,Mercedes-Benz,Axor MP1
164,KBJ 155C,ZD 7574,Mercedes-Benz,AXOR
165,KCN 403N,ZD 4904,Mercedes-Benz,Axor MP2
166,KBP 760R,,Mercedes-Benz,Axor MP1
167,KBR 253V,ZD 9044,Mercedes-Benz,Axor MP2
168,KCD 338Q,ZF 0373,Mercedes-Benz,Axor MP2
169,KCF 207Q,ZF 2577,Mercedes-Benz,Axor MP2
170,KCN 398N,ZD 4834,Mercedes-Benz,Axor MP2
171,KBR 254V,ZD 9040,Mercedes-Benz,Axor MP2
172,KBK 283G,ZE 2238,Mercedes-Benz,Axor MP1
173,KBY 571K,ZE 6719,Mercedes-Benz,Axor MP2
174,KBY 572K,ZC 0180,Mercedes-Benz,Axor MP2
175,KBJ 850Y,ZD 2382,Mercedes-Benz,Actros MP1
176,KBS 971D,,Mercedes-Benz,Axor MP2
177,KBR 931V,,Mercedes-Benz,Axor MP2
178,KBQ 673T,,Mercedes-Benz,Axor MP2
179,KCC 896,,Mercedes-Benz,AXOR
180,KBL 622,,Mercedes-Benz,AXOR
181,KCN 561,,Mercedes-Benz,Axor
182,KBS 332K,,KBS 332K,
183,KBR 621L,,Mercedes-Benz,Axor MP2
184,KBR 853,,Mercedes-Benz,Axor MP2
185,KBV 981,,Mercedes-Benz,Axor MP2
186,KBL 534U,,Mercedes-Benz,Axor MP2
187,KBL 815T,,Mercedes-Benz,Axor MP2
